{
  "N": 1701,
  "UAM": {
    "k": 0,
    "chi2": 1755.1104455413297,
    "AIC": 1755.1104455413297,
    "BIC": 1755.1104455413297,
    "delta_hat": -1.190178101696789,
    "rms_delta_marg": 0.17238675958410854
  },
  "LCDM": {
    "k": 1,
    "Omega_m": 0.361,
    "chi2": 1752.5076592271798,
    "AIC": 1754.5076592271798,
    "BIC": 1759.9466308195756,
    "delta_hat": -1.180804873538027,
    "rms_delta_marg": 0.17226283972868317
  }
}