{
  "timestamp_utc": "2025-09-01T19:55:55Z",
  "spec": "/content/notebook/GoldenMaster/data_curated/bao_spec.json",
  "omega_m_shape": 0.36,
  "blocks": [
    {
      "name": "DR16_LRG",
      "z": [
        0.698
      ],
      "obs_cols": [
        "DM_over_rd",
        "DH_over_rd"
      ],
      "y_head": [
        17.85823691865007,
        19.32575373059217
      ],
      "len": 2,
      "cov_shape": [
        2,
        2
      ],
      "spd": {
        "diag_min": 0.1076634009,
        "diag_med": 0.19574051974999998,
        "diag_max": 0.2838176386,
        "lam_min": 0.0901062842300363,
        "lam_med": 0.19574051974999998,
        "lam_max": 0.30137475526996366
      },
      "suspected_hzr": false,
      "fit": {
        "alpha_hat": 30.87344329833601,
        "chi2": 1.5917614226773367,
        "dof": 1,
        "jit": 0.0,
        "yCiY": 6296.2265515922245,
        "mCiM": 6.60389865908899,
        "mCiY": 203.88509079934113
      },
      "what_if_hzr_to_dh": null
    },
    {
      "name": "DR16_QSO",
      "z": [
        1.48
      ],
      "obs_cols": [
        "DM_over_rd",
        "DH_over_rd"
      ],
      "y_head": [
        30.6876,
        13.2609
      ],
      "len": 2,
      "cov_shape": [
        2,
        2
      ],
      "spd": {
        "diag_min": 0.30468415,
        "diag_med": 0.47100009499999995,
        "diag_max": 0.63731604,
        "lam_min": 0.23268147965480074,
        "lam_med": 0.47100009499999995,
        "lam_max": 0.7093187103451992
      },
      "suspected_hzr": false,
      "fit": {
        "alpha_hat": 31.852211205742265,
        "chi2": 0.7897177393831498,
        "dof": 1,
        "jit": 0.0,
        "yCiY": 1575.8130526415782,
        "mCiM": 1.5524149590103133,
        "mCiY": 49.44784915335022
      },
      "what_if_hzr_to_dh": null
    },
    {
      "name": "DR12_CONS",
      "z": [
        0.38,
        0.51,
        0.61
      ],
      "obs_cols": [
        "DM_over_rd",
        "DH_over_rd"
      ],
      "y_head": [
        1512.39,
        1975.22,
        2306.68,
        3691.629813061901,
        3297.9416278248545,
        3029.2867860964566
      ],
      "len": 6,
      "cov_shape": [
        6,
        6
      ],
      "spd": {
        "diag_min": 624.707,
        "diag_med": 3619.9389311,
        "diag_max": 11590.32747,
        "lam_min": 286.4433820571172,
        "lam_med": 2267.7097117806384,
        "lam_max": 14958.739417322846
      },
      "suspected_hzr": true,
      "fit": {
        "alpha_hat": 4509.850245554965,
        "chi2": 8.800095131373382,
        "dof": 5,
        "jit": 0.0,
        "yCiY": 20141.301114303227,
        "mCiM": 0.0009898593460318714,
        "mCiY": 4.464117414766712
      },
      "what_if_hzr_to_dh": {
        "alpha_hat": 45.5527114040391,
        "chi2": 10556.260352053172,
        "dof": 5,
        "eig_min": 1.4841081350173841,
        "diag_med": 346.5707591705809
      }
    }
  ]
}