{
  "timestamp_utc": "2025-09-01 16:30:30",
  "bins": [
    "0.000-0.100",
    "0.100-0.600",
    "0.600-2.300"
  ],
  "Omega_m_global": 0.361,
  "covariance": {
    "spd_enforcement": {
      "method": "none"
    }
  },
  "UAM": {
    "Delta": [
      -1.1759467570561186,
      -1.1997334303994145,
      -1.2007600294324685
    ],
    "cov": [
      [
        5.049271061316129e-05,
        -1.103085771479415e-05,
        -2.074423961916782e-05
      ],
      [
        -1.1030857714794155e-05,
        3.1907005424129066e-05,
        9.62398131236982e-06
      ],
      [
        -2.0744239619167814e-05,
        9.623981312369807e-06,
        0.00028874601428377733
      ]
    ],
    "wald": {
      "chi2": 5.466836280886681,
      "df": 2,
      "p": 0.06499674154348145
    },
    "lr": {
      "dchi2": 5.4668362808167785,
      "df": 2,
      "p": 0.06499674154575319
    },
    "lowz_slope": {
      "m": 17.952240969859115,
      "var": 0.11139783025032365,
      "chi2": 2893.0810870883347,
      "p": 0.0
    }
  },
  "LCDM": {
    "Delta": [
      -1.1726744616711802,
      -1.1872209362298587,
      -1.1778162009978252
    ],
    "cov": [
      [
        5.049271061316129e-05,
        -1.103085771479415e-05,
        -2.074423961916782e-05
      ],
      [
        -1.1030857714794155e-05,
        3.1907005424129066e-05,
        9.62398131236982e-06
      ],
      [
        -2.0744239619167814e-05,
        9.623981312369807e-06,
        0.00028874601428377733
      ]
    ],
    "wald": {
      "chi2": 2.2209959597143105,
      "df": 2,
      "p": 0.32939488820671103
    },
    "lr": {
      "dchi2": 2.220995959780339,
      "df": 2,
      "p": 0.3293948881958362
    },
    "lowz_slope": {
      "m": 17.78523036977868,
      "var": 0.11139783025032365,
      "chi2": 2839.5025162994943,
      "p": 0.0
    }
  }
}