{
  "timestamp_utc": "2025-09-01 16:18:51",
  "bins": [
    [
      0.0,
      0.1
    ],
    [
      0.1,
      0.6
    ],
    [
      0.6,
      2.3
    ]
  ],
  "per_bin": {
    "0.000-0.100": {
      "N": 741,
      "z_min": 0.00122,
      "z_max": 0.0995,
      "UAM": {
        "chi2": 906.614344433965,
        "chi2_red": 1.2251545195053581,
        "dof": 740,
        "delta_hat": -1.1742311333838247,
        "sigma_delta": 0.007467720085264039
      },
      "LCDM": {
        "chi2": 898.766028158112,
        "chi2_red": 1.2161921896591503,
        "dof": 739,
        "Omega_m": 0.8400000000000001,
        "delta_hat": -1.1420834003246674,
        "sigma_delta": 0.007467720085264039
      }
    },
    "0.100-0.600": {
      "N": 831,
      "z_min": 0.10165,
      "z_max": 0.59179,
      "UAM": {
        "chi2": 752.2723946103761,
        "chi2_red": 0.9063522826631037,
        "dof": 830,
        "delta_hat": -1.1958095982666885,
        "sigma_delta": 0.007089517821967415
      },
      "LCDM": {
        "chi2": 752.083244319274,
        "chi2_red": 0.9072174237868202,
        "dof": 829,
        "Omega_m": 0.3575,
        "delta_hat": -1.1848206833818506,
        "sigma_delta": 0.007089517821967415
      }
    },
    "0.600-2.300": {
      "N": 129,
      "z_min": 0.60067,
      "z_max": 2.26137,
      "UAM": {
        "chi2": 78.28866553625221,
        "chi2_red": 0.6116301995019704,
        "dof": 128,
        "delta_hat": -1.2030154973625606,
        "sigma_delta": 0.020705164693369506
      },
      "LCDM": {
        "chi2": 77.60450457170418,
        "chi2_red": 0.6110590911157809,
        "dof": 127,
        "Omega_m": 0.2495,
        "delta_hat": -1.2962997465699804,
        "sigma_delta": 0.020705164693369506
      }
    }
  },
  "delta_consistency": {
    "UAM": {
      "delta_bar": -1.1865932631465392,
      "chi2": 5.059446214904407,
      "dof": 2,
      "p_value": 0.07968108032896981
    },
    "LCDM": {
      "delta_bar": -1.1722132798619396,
      "chi2": 55.357360005109825,
      "dof": 2,
      "p_value": 9.534595335480844e-13
    }
  }
}