{
  "0.000-0.100": {
    "N": 741,
    "z_min": 0.00122,
    "z_max": 0.0995,
    "cov": {
      "spd": {
        "method": "none"
      }
    },
    "UAM": {
      "chi2": 906.614344433965,
      "delta_hat": -1.1742311333838247,
      "rms_delta_marg": 0.2017283163400737
    },
    "LCDM": {
      "chi2": 898.766028158112,
      "Omega_m": 0.8400000000000001,
      "boundary_hit": false,
      "delta_hat": -1.1420834003246674,
      "rms_delta_marg": 0.20197019636106703
    }
  },
  "0.100-0.600": {
    "N": 831,
    "z_min": 0.10165,
    "z_max": 0.59179,
    "cov": {
      "spd": {
        "method": "none"
      }
    },
    "UAM": {
      "chi2": 752.2723946103761,
      "delta_hat": -1.1958095982666885,
      "rms_delta_marg": 0.1424614483416819
    },
    "LCDM": {
      "chi2": 752.083244319274,
      "Omega_m": 0.3575,
      "boundary_hit": false,
      "delta_hat": -1.1848206833818506,
      "rms_delta_marg": 0.1424051356902418
    }
  },
  "0.600-2.300": {
    "N": 129,
    "z_min": 0.60067,
    "z_max": 2.26137,
    "cov": {
      "spd": {
        "method": "none"
      }
    },
    "UAM": {
      "chi2": 78.28866553625221,
      "delta_hat": -1.2030154973625606,
      "rms_delta_marg": 0.16448660612808863
    },
    "LCDM": {
      "chi2": 77.60450457170418,
      "Omega_m": 0.2495,
      "boundary_hit": false,
      "delta_hat": -1.2962997465699804,
      "rms_delta_marg": 0.1638682144919014
    }
  }
}