{
  "timestamp_utc": "2025-09-01 16:12:25",
  "bins": [
    [
      0.0,
      0.1
    ],
    [
      0.1,
      0.6
    ],
    [
      0.6,
      2.3
    ]
  ],
  "n_grid": 20000,
  "results": {
    "0.000-0.100": {
      "N": 741,
      "z_min": 0.00122,
      "z_max": 0.0995,
      "cov": {
        "spd": {
          "method": "none"
        }
      },
      "UAM": {
        "chi2": 906.614344433965,
        "delta_hat": -1.1742311333838247,
        "rms_delta_marg": 0.2017283163400737
      },
      "LCDM": {
        "chi2": 902.653724361091,
        "Omega_m": 0.5,
        "delta_hat": -1.1627563465967934,
        "rms_delta_marg": 0.20164211633362952
      }
    },
    "0.100-0.600": {
      "N": 831,
      "z_min": 0.10165,
      "z_max": 0.59179,
      "cov": {
        "spd": {
          "method": "none"
        }
      },
      "UAM": {
        "chi2": 752.2723946103761,
        "delta_hat": -1.1958095982666885,
        "rms_delta_marg": 0.1424614483416819
      },
      "LCDM": {
        "chi2": 752.083244319274,
        "Omega_m": 0.3575,
        "delta_hat": -1.1848206833818506,
        "rms_delta_marg": 0.1424051356902418
      }
    },
    "0.600-2.300": {
      "N": 129,
      "z_min": 0.60067,
      "z_max": 2.26137,
      "cov": {
        "spd": {
          "method": "none"
        }
      },
      "UAM": {
        "chi2": 78.28866553625221,
        "delta_hat": -1.2030154973625606,
        "rms_delta_marg": 0.16448660612808863
      },
      "LCDM": {
        "chi2": 77.60450457170418,
        "Omega_m": 0.2495,
        "delta_hat": -1.2962997465699804,
        "rms_delta_marg": 0.1638682144919014
      }
    }
  }
}