{
  "timestamp_utc": "2025-09-01 20:02:48",
  "env": {
    "python": "3.12.11 (main, Jun  4 2025, 08:56:18) [GCC 11.4.0]",
    "numpy": "2.0.2",
    "pandas": "2.2.2",
    "platform": "Linux-6.1.123+-x86_64-with-glibc2.35"
  },
  "sn": {
    "N": 1701,
    "cov_spd": {
      "method": "none"
    },
    "Delta_hat_UAM": -1.190178101696789
  },
  "bao": {
    "N": 10,
    "blocks": 3,
    "global_alpha": true
  },
  "results": {
    "UAM": {
      "chi2_sn": 1755.1104455413297,
      "chi2_bao": 14.68270204861983,
      "chi2_tot": 1769.7931475899495,
      "alpha_hat": 30.25392883314223,
      "bao_parts": {
        "C0": 28013.3407183395,
        "A": 30.58958985834788,
        "B": 925.455274609466
      }
    },
    "LCDM": {
      "Omega_m": 0.363,
      "chi2_sn": 1752.5167822660878,
      "chi2_bao": 14.08996107657731,
      "chi2_tot": 1766.6067433426651,
      "alpha_hat": 30.717404060476728
    },
    "table": [
      {
        "Model": "UAM",
        "Omega_m": "-",
        "k": 0,
        "chi2_SN": 1755.1104455413297,
        "chi2_BAO": 14.68270204861983,
        "chi2_tot": 1769.7931475899495,
        "AIC": 1769.7931475899495,
        "BIC": 1769.7931475899495,
        "alpha_hat": 30.25392883314223
      },
      {
        "Model": "LCDM",
        "Omega_m": "0.363",
        "k": 1,
        "chi2_SN": 1752.5167822660878,
        "chi2_BAO": 14.08996107657731,
        "chi2_tot": 1766.6067433426651,
        "AIC": 1768.6067433426651,
        "BIC": 1774.0515766165574,
        "alpha_hat": 30.717404060476728
      }
    ]
  }
}