{
  "timestamp_utc": "2025-09-01 19:44:29",
  "env": {
    "python": "3.12.11 (main, Jun  4 2025, 08:56:18) [GCC 11.4.0]",
    "numpy": "2.0.2",
    "pandas": "2.2.2",
    "platform": "Linux-6.1.123+-x86_64-with-glibc2.35"
  },
  "sn": {
    "N": 1701,
    "cov_spd": {
      "method": "none"
    },
    "Delta_hat_UAM": -1.190178101696789
  },
  "bao": {
    "N": 10,
    "blocks": 3,
    "global_alpha": true
  },
  "results": {
    "UAM": {
      "chi2_sn": 1755.1104455413297,
      "chi2_bao": 19866.390297472673,
      "chi2_tot": 21621.500743014003,
      "alpha_hat": 31.11929976299688,
      "bao_parts": {
        "C0": 28013.34071853703,
        "A": 8.41270075863393,
        "B": 261.79735672432054
      }
    },
    "LCDM": {
      "Omega_m": 0.362,
      "chi2_sn": 1752.509357798801,
      "chi2_bao": 19866.11110875235,
      "chi2_tot": 21618.62046655115,
      "alpha_hat": 31.64100963107547
    },
    "table": [
      {
        "Model": "UAM",
        "Omega_m": "-",
        "k": 0,
        "chi2_SN": 1755.1104455413297,
        "chi2_BAO": 19866.390297472673,
        "chi2_tot": 21621.500743014003,
        "AIC": 21621.500743014003,
        "BIC": 21621.500743014003,
        "alpha_hat": 31.11929976299688
      },
      {
        "Model": "LCDM",
        "Omega_m": "0.362",
        "k": 1,
        "chi2_SN": 1752.509357798801,
        "chi2_BAO": 19866.11110875235,
        "chi2_tot": 21618.62046655115,
        "AIC": 21620.62046655115,
        "BIC": 21626.065299825044,
        "alpha_hat": 31.64100963107547
      }
    ]
  }
}