{
  "timestamp_utc": "2025-09-01 17:29:04",
  "env": {
    "python": "3.12.11 (main, Jun  4 2025, 08:56:18) [GCC 11.4.0]",
    "numpy": "2.0.2",
    "pandas": "2.2.2",
    "platform": "Linux-6.1.123+-x86_64-with-glibc2.35"
  },
  "sn": {
    "N": 1701,
    "cov_spd": {
      "method": "none"
    },
    "Delta_hat_UAM": -1.190178101696789
  },
  "bao": {
    "N": 8,
    "blocks": 3,
    "global_alpha": true
  },
  "results": {
    "UAM": {
      "chi2_sn": 1755.1104455413297,
      "chi2_bao": 13.934402486069303,
      "chi2_tot": 1769.044848027399,
      "alpha_hat": 30.825119154470727,
      "bao_parts": {
        "C0": 32836.89885848154,
        "A": 34.543653952327205,
        "B": 1064.8122491112897
      }
    },
    "LCDM": {
      "Omega_m": 0.34099999999999997,
      "chi2_sn": 1753.71105356497,
      "chi2_bao": 14.077109358404414,
      "chi2_tot": 1767.7881629233743,
      "alpha_hat": 30.898272834141814
    },
    "table": [
      {
        "Model": "UAM",
        "Omega_m": "-",
        "k": 0,
        "chi2_SN": 1755.1104455413297,
        "chi2_BAO": 13.934402486069303,
        "chi2_tot": 1769.044848027399,
        "AIC": 1769.044848027399,
        "BIC": 1769.044848027399,
        "alpha_hat": 30.825119154470727
      },
      {
        "Model": "LCDM",
        "Omega_m": "0.341",
        "k": 1,
        "chi2_SN": 1753.71105356497,
        "chi2_BAO": 14.077109358404414,
        "chi2_tot": 1767.7881629233743,
        "AIC": 1769.7881629233743,
        "BIC": 1775.23182660649,
        "alpha_hat": 30.898272834141814
      }
    ]
  }
}